name;code
4Sight Holdings Limited ; 4SI
Accelerate Property Fund Limited ; APF
Acsion Limited ; ACS
Adapt It Holdings Limited ; ADI
Adcock Ingram Holdings Limited ; AIP
Adcorp Holdings Limited ; ADR
Advanced Health Limited ; AVL
Advtech Limited ; ADH
AECI Limited ; AFE
African And Overseas Enterprises Limited ; AOVP
African Dawn Capital Limited ; ADW
African Equity Empowerment Investments Limited ; AEE
African Media Entertainment Limited ; AME
AFRICAN RAINBOW CAP INV ; AIL
AFRICAN RAINBOW MINERALS ; ARI
Afrimat Limited ; AFT
AFRISTRAT INV HLDGS LTD ; ATI
Afrocentric Investment Corp Limited ; ACT
AH-Vest Limited ; AHL
Alaris Holdings Limited ; ALH
Alexander Forbes Group Holdings Limited ; AFH
Allied Electronics Corporation Limited ; AEL
ALPHAMIN RESOURCES CORP ; APH
ALVIVA HOLDINGS LTD ; AVV
AMPLATS ; AMPLATS
Anchor Group Limited ; ACG
Anglo American Plc ; AGL
Anglogold Ashanti Limited ; ANG
Anheuser-Busch InBev SA NV ; ANH
ARB Holdings Limited ; ARH
Arcelormittal South Africa Limited ; ACL
ARDEN CAPITAL LIMITED ; ACZ
Argent Industrial Limited ; ART
Arrowhead Properties Limited A ; AHA
Ascendis Health Limited ; ASC
Aspen Pharmacare Holdings Limited ; APN
Astoria Investments Limited ; ARA
Astral Foods Limited ; ARL
Attacq Limited ; ATT
Aveng Limited ; AEG
AVI Limited ; AVI
AYO Technology Solutions Limited ; AYO
Balwin Properties Pty Limited ; BWN
Barloworld Limited ; BAW
Basil Read Holdings Limited ; BSR
Bauba Platinum Limited ; BAU
Bell Equipment Limited ; BEL
BHP ; BHP
Bid Corp Limited ; BID
Blue Label Telecoms Limited ; BLU
Bowler Metcalf Limited ; BCF
BRAIT SE ; BAT
Brikor Limited ; BIK
Brimstone Investment Corporation Ld ; BRT
British American Tobacco Plc ; BTI
Buffalo Coal Corp ; BUC
CAFCA Limited ; CAC
Calgro M3 Holdings Limited ; CGR
Capital & Counties Properties Plc ; CCO
Capital & Regional Plc ; CRP
Capital Appreciation Limited ; CTA
Cartrack Holdings Limited ; CTK
Cashbuild Limited ; CSB
Castleview Property Fund Limited ; CVW
Caxton CTP Publishers & Printers Ltd ; CAT
Choppies Enterprises Limited ; CHP
Chrometco Limited ; CMO
City Lodge Hotels Limited ; CLH
Clicks Group Limited ; CLS
Cognition Holdings Limited ; CGN
Comair Limited ; COM
Combined Motor Holdings Limited ; CMH
Compagnie Financiere Richemont SA ; CFR
Consolidated Infrastructure Group Ltd ; CIL
Coronation Fund Managers Limited ; CML
Crookes Brothers Limited ; CKS
CSG Holdings Limited ; CSG
Curro Holdings Limited ; COH
Datatec Limited ; DTC
Delta Property Fund Limited ; DLT
Deneb Investments Limited ; DNB
Dipula Income Fund Limited ; DIA
Dis-Chem Pharmacies ; DCP
Distell Group Limited ; DST
DRDGOLD Limited ; DRD
E Media Holdings Limited ; EMH
Eastern Platinum Limited ; EPS
Echo Polska Properties ; EPP
Efora Energy Limited ; EEL
Ellies Holdings Limited ; ELI
Emira Property Fund Limited ; EMI
enX Group Limited ; ENX
EOH Holdings Limited ; EOH
EPE Capital Partners Limited (Ethos Capital) ; EPE
Equites Property Fund Limited ; EQU
Erin Energy Corporation ; ERN
Etion Limited ; ETO
EUROMET ; EUROMET
Exemplar Retail Limited ; EXP
Exxaro Resources Limited ; EXX
Fairvest Property Holdings Limited ; FVT
Famous Brands Limited ; FBR
Firestone Energy Limited ; FSE
Fortress Income Fund Limited ; FFA
Freedom Property Fund Ltd ; FDP
GEMFIELDS GROUP LIMITED ; GML
Glencore Plc ; GLN
Globe Trade Centre SA ; GTC
Go Life International PCC ; GLI
Gold Fields Limited ; GFI
Grand Parade Investments Limited ; GPL
Grindrod Limited ; GND
Grindrod Shipping Holdings Limited ; GSH
Growthpoint Properties Limited ; GRT
Hammerson PLC ; HMN
Harmony Gold Mining Company Limited ; HAR
Heriot REIT Limited ; HET
Homechoice International Plc ; HIL
Hosken Consolidated Investments Ltd ; HCI
Hosken Passenger Logistics and Rail Limited ; HPR
Hudaco Industries Limited ; HDC
Huge Group Limited ; HUG
Hulamin Limited ; HLM
Hulisani Limited ; HUL
Hwange Colliery Company Limited ; HWA
Hyprop Investments Limited ; HYP
Imbalie Beauty Limited ; ILE
Impala Platinum Holdings Limited ; IMP
Imperial Holdings Limited ; IPL
Indluplace Properties Limited ; ILU
INSIMBI INDUSTRIAL HOLDINGS LIMITED ; ISB
Investec Property Fund Limited ; IPF
Invicta Holdings Limited ; IVT
IRONGATE ; IRONGATE
ISA Holdings Limited ; ISA
Italtile Limited ; ITE
Jasco Electronics Holdings Limited ; JSC
JSE Limited ; JSE
Jubilee Platinum Plc ; JBL
Kaap Agri Limited ; KAL
KAP Industrial Holdings Limited ; KAP
Kaydav Group Limited ; KDV
Kibo Mining Plc ; KBO
Kore Potash Plc ; KP2
Kumba Iron Ore Limited ; KIO
Labat Africa Limited ; LAB
Lewis Group Limited ; LEW
Liberty Two Degrees ; L2D
Libstar Holdings Limited ; LBR
Life Healthcare Group Holdings Ltd ; LHC
Lighthouse Capital Limited ; LTE
London Finance & Investment Group Plc ; LNF
Long4Life Limited ; L4L
LUXE HOLDINGS LIMITED ; LUX
Mahube Infrastructure Ltd. ; MHB
Marshall Monteagle Plc ; MMP
MAS Real Estate Inc ; MSP
Massmart Holdings Limited ; MSM
Master Drilling Group Ltd ; MDI
MATHOMO ; MATHOMO
MultiChoice Group Limited ; MCG
Murray & Roberts Holdings Limited ; MUR
New Frontier Properties Limited ; NFP
Northam Platinum Limited ; NHM
Nu-World Holdings Limited ; NWL
Nutritional Holdings Limited ; NUT
NVest Financial Holdings Limited ; NVE
Oando Plc ; OAO
Oasis Crescent Property Fund ; OAS
Oceana Group Limited ; OCE
Octodec Investments Limited ; OCT
Omnia Holdings Limited ; OMN
Onelogix Group Limited ; OLG
Orion Minerals NL ; ORN
Pan African Resources Plc ; PAN
PBT GROUP LIMITED ; PBG
Pembury Lifestyle Group Limited ; PEM
Pepkor Holdings Limited ; PPH
Pick N Pay Stores Limited ; PIK
PPC Limited ; PPC
Premier Fishing Brands Ltd ; PFB
Primeserv Group Limited ; PMV
Prosus ; PRX
PSV Holdings Limited ; PSV
Purple Group Limited ; PPE
Putprop Limited ; PPR
Quantum Food Holdings Limited ; QFH
Randgold & Exploration Company Ltd ; RNG
Raubex Group Limited ; RBX
Raven Property Group Limited ; RAV
RCL Foods Limited ; RCL
Rebosis Property Fund Limited ; REB
RECM And Calibre Limited ; RACP
Redefine Properties Limited ; RDF
REINET INVESTMENTS SCA ; RNI
Remgro Limited ; REM
Renergen Limited ; REN
Resilient REIT Limited ; RES
Resource Generation Limited ; RSG
Reunert Limited ; RLO
Rex Trueform Clothing Company Ltd ; RTO
RH Bophelo Limited ; RHB
Rhodes Food Group Holdings Limited ; RFG
Rockwell Diamonds Incorporated ; RDI
Royal Bafokeng Platinum Limited ; RBP
SA Corporate Real Estate Limited ; SAC
Sabvest Capital Limited ; SBP
Safari Investments RSA Limited ; SAR
Sanlam Limited ; SLM
Santova Limited ; SNV
Sappi Limited ; SAP
Sasol Limited ; SOL
SEA HARVEST GROUP LTD ; SHG
Sebataa Holdings Limited ; SEB
Sephaku Holdings Limited ; SEP
SERE ; SERE
Shoprite Holdings Limited ; SHP
Sibanye-Stillwater Limited ; SSW
Silverbridge Holdings Limited ; SVB
Sirius Real Estate Limited ; SRE
South Ocean Holdings Limited ; SOH
South32 Limited ; S32
Spanjaard Limited ; SPA
SPEARREIT ; SPEARREIT
Spur Corporation Limited ; SUR
Stadio Holdings Limited ; SDO
Stefanutti Stocks Holdings Ltd ; SSK
Steinhoff International Holdings NV ; SNH
STEINHOFF INVEST HLD PRF ; SHFF
Stellar Capital Partners Limited ; SCP
Stenprop Limited ; STP
Stor-Age Property REIT Limited ; SSS
Sun International Limited ; SUI
Super Group Limited ; SPG
Sygnia Limited ; SYG
Telemasters Holdings Limited ; TLM
Telkom SA SOC Limited ; TKG
Textainer Group Holdings Limited ; TXT
Texton Property Fund Limited ; TEX
Tharisa Plc ; THA
The Bidvest Group Limited ; BVT
The Foschini Group Limited ; TFG
The SPAR Group Limited ; SPP
Tiger Brands Limited ; TBS
Tongaat Hulett Limited ; TON
Total Client Services Limited ; TCS
Tower Property Fund Limited ; TWR
Tradehold Limited ; TDH
Transaction Capital Limited ; TCP
Transcend Res Prop Fd Ld ; TPF
Transpaco Limited ; TPC
Trellidor Holdings Limited ; TRL
Trematon Capital Investments Ltd ; TMT
Trencor Limited ; TRE
Truworths International Limited ; TRU
TSOGO SUN GAMING LIMITED ; TSG
Tsogo Sun Hotels Limited ; TGO
Union Atlantic Minerals Limited ; UAT
UPARTNERS ; UPARTNERS
Value Group Limited ; VLE
Visual International Holdings Limited ; VIS
Vivo Energy Plc ; VVO
Vodacom Group Limited ; VOD
Vukile Property Fund Limited ; VKE
Vunani Limited ; VUN
W G Wearne Limited ; WEA
Wescoal Holdings Limited ; WSL
Wesizwe Platinum Limited ; WEZ
Wilson Bayly Holmes-Ovcon Limited ; WBO
Woolworths Holdings Limited ; WHL
Workforce Holdings Limited ; WKF
YeboYethu Limited ; YYLBEE
York Timber Holdings Limited ; YRK
Zambezi Plat RF Ltd Pref ; ZPLP
ZARCLEAR HOLDINGS Limited ; ZCL
Zeder Investments Limited ; ZED
