ID;category_id;parent_product_id;supplier_id;Product Name;product_code;Description;Selling Price;Supplier Price;Gross Profit;Is Product Active;Size;Qty;Next Price Update Date;Image URL;;;;
1;26;5;13;"90&deg; ELBOW - PE100 MOULDED SDR17 63mm";MF-5-1;"90&deg; ELBOW - PE100 MOULDED SDR17 63mm";29,622;29,622;25;1;63mm;1;2022/01/01;https://bailaerp.bt-industrial.co.za/storage/app/media/products/p1.png;;;;https://bailaerp.bt-industrial.co.za/storage/app/media/products/p1.png
2;26;5;13;"90&deg; ELBOW - PE100 MOULDED SDR17 75mm";MF-5-2;"90&deg; ELBOW - PE100 MOULDED SDR17 75mm";50,424;50,424;25;1;75mm;1;2022/01/02;https://bailaerp.bt-industrial.co.za/storage/app/media/products/p1.png;;;;
3;26;5;13;"90&deg; ELBOW - PE100 MOULDED SDR17 90mm";MF-5-3;"90&deg; ELBOW - PE100 MOULDED SDR17 90mm";76,056;76,056;25;1;90mm;1;2022/01/03;https://bailaerp.bt-industrial.co.za/storage/app/media/products/p1.png;;;;https://bailaerp.bt-industrial.co.za/storage/app/media/products/p1.png
4;26;5;13;"90&deg; ELBOW - PE100 MOULDED SDR17 110mm";MF-5-4;"90&deg; ELBOW - PE100 MOULDED SDR17 110mm";120,888;120,888;25;1;110mm;1;2022/01/04;https://bailaerp.bt-industrial.co.za/storage/app/media/products/p1.png;;;;https://bailaerp.bt-industrial.co.za/storage/app/media/products/p1.png
5;26;5;13;"90&deg; ELBOW - PE100 MOULDED SDR17 125mm";MF-5-5;"90&deg; ELBOW - PE100 MOULDED SDR17 125mm";181,782;181,782;25;1;125mm;1;2022/01/05;https://bailaerp.bt-industrial.co.za/storage/app/media/products/p1.png;;;;https://bailaerp.bt-industrial.co.za/storage/app/media/products/p1.png
6;26;5;13;"90&deg; ELBOW - PE100 MOULDED SDR17 140mm";MF-5-6;"90&deg; ELBOW - PE100 MOULDED SDR17 140mm";213,048;213,048;25;1;140mm;1;2022/01/06;https://bailaerp.bt-industrial.co.za/storage/app/media/products/p1.png;;;;https://bailaerp.bt-industrial.co.za/storage/app/media/products/p1.png
7;26;5;13;"90&deg; ELBOW - PE100 MOULDED SDR17 160mm";MF-5-7;"90&deg; ELBOW - PE100 MOULDED SDR17 160mm";281,124;281,124;25;1;160mm;1;2022/01/07;https://bailaerp.bt-industrial.co.za/storage/app/media/products/p1.png;;;;https://bailaerp.bt-industrial.co.za/storage/app/media/products/p1.png
8;26;5;13;"90&deg; ELBOW - PE100 MOULDED SDR17 180mm";MF-5-8;"90&deg; ELBOW - PE100 MOULDED SDR17 180mm";408,396;408,396;25;1;180mm;1;2022/01/08;https://bailaerp.bt-industrial.co.za/storage/app/media/products/p1.png;;;;https://bailaerp.bt-industrial.co.za/storage/app/media/products/p1.png
9;26;5;13;"90&deg; ELBOW - PE100 MOULDED SDR17 200mm";MF-5-9;"90&deg; ELBOW - PE100 MOULDED SDR17 200mm";533,322;533,322;25;1;200mm;1;2022/01/09;https://bailaerp.bt-industrial.co.za/storage/app/media/products/p1.png;;;;https://bailaerp.bt-industrial.co.za/storage/app/media/products/p1.png
10;26;5;13;"90&deg; ELBOW - PE100 MOULDED SDR17 225mm";MF-5-10;"90&deg; ELBOW - PE100 MOULDED SDR17 225mm";815,244;815,244;25;1;225mm;1;2022/01/10;https://bailaerp.bt-industrial.co.za/storage/app/media/products/p1.png;;;;https://bailaerp.bt-industrial.co.za/storage/app/media/products/p1.png
11;26;5;13;"90&deg; ELBOW - PE100 MOULDED SDR17 250mm";MF-5-11;"90&deg; ELBOW - PE100 MOULDED SDR17 250mm";887,31;887,31;25;1;250mm;1;2022/01/11;https://bailaerp.bt-industrial.co.za/storage/app/media/products/p1.png;;;;https://bailaerp.bt-industrial.co.za/storage/app/media/products/p1.png
12;26;5;13;"90&deg; ELBOW - PE100 MOULDED SDR17 280mm";MF-5-12;"90&deg; ELBOW - PE100 MOULDED SDR17 280mm";1345,422;1345,422;25;1;280mm;1;2022/01/12;https://bailaerp.bt-industrial.co.za/storage/app/media/products/p1.png;;;;https://bailaerp.bt-industrial.co.za/storage/app/media/products/p1.png
13;26;5;13;"90&deg; ELBOW - PE100 MOULDED SDR17 315mm";MF-5-13;"90&deg; ELBOW - PE100 MOULDED SDR17 315mm";1822,692;1822,692;25;1;315mm;1;2022/01/13;https://bailaerp.bt-industrial.co.za/storage/app/media/products/p1.png;;;;https://bailaerp.bt-industrial.co.za/storage/app/media/products/p1.png
14;26;5;13;"90&deg; ELBOW - PE100 MOULDED SDR17 355mm";MF-5-14;"90&deg; ELBOW - PE100 MOULDED SDR17 355mm";3259,386;3259,386;25;1;355mm;1;2022/01/14;https://bailaerp.bt-industrial.co.za/storage/app/media/products/p1.png;;;;https://bailaerp.bt-industrial.co.za/storage/app/media/products/p1.png
15;26;5;13;"90&deg; ELBOW - PE100 MOULDED SDR17 400mm";MF-5-15;"90&deg; ELBOW - PE100 MOULDED SDR17 400mm";4380,54;4380,54;25;1;400mm;1;2022/01/15;https://bailaerp.bt-industrial.co.za/storage/app/media/products/p1.png;;;;https://bailaerp.bt-industrial.co.za/storage/app/media/products/p1.png
16;26;5;13;"90&deg; ELBOW - PE100 MOULDED SDR17 450mm";MF-5-16;"90&deg; ELBOW - PE100 MOULDED SDR17 450mm";6530,412;6530,412;25;1;450mm;1;2022/01/16;https://bailaerp.bt-industrial.co.za/storage/app/media/products/p1.png;;;;https://bailaerp.bt-industrial.co.za/storage/app/media/products/p1.png
17;26;5;13;"90&deg; ELBOW - PE100 MOULDED SDR17 500mm";MF-5-17;"90&deg; ELBOW - PE100 MOULDED SDR17 500mm";8582,82;8582,82;25;1;500mm;1;2022/01/17;https://bailaerp.bt-industrial.co.za/storage/app/media/products/p1.png;;;;https://bailaerp.bt-industrial.co.za/storage/app/media/products/p1.png
18;26;5;13;"90&deg; ELBOW - PE100 MOULDED SDR17 560mm";MF-5-18;"90&deg; ELBOW - PE100 MOULDED SDR17 560mm";11754,738;11754,738;25;1;560mm;1;2022/01/18;https://bailaerp.bt-industrial.co.za/storage/app/media/products/p1.png;;;;https://bailaerp.bt-industrial.co.za/storage/app/media/products/p1.png
19;26;5;13;"90&deg; ELBOW - PE100 MOULDED SDR17 630mm";MF-5-19;"90&deg; ELBOW - PE100 MOULDED SDR17 630mm";17050,854;17050,854;25;1;630mm;1;2022/01/19;https://bailaerp.bt-industrial.co.za/storage/app/media/products/p1.png;;;;https://bailaerp.bt-industrial.co.za/storage/app/media/products/p1.png
20;26;7;13;"90&deg; ELBOW - PE100 MOULDED SDR11 63mm";MF-5-20;"90&deg; ELBOW - PE100 MOULDED SDR11 63mm";39,246;39,246;25;1;63mm;1;2022/01/01;https://bailaerp.bt-industrial.co.za/storage/app/media/products/p1.png;;;;
21;26;7;13;"90&deg; ELBOW - PE100 MOULDED SDR11 75mm";MF-5-21;"90&deg; ELBOW - PE100 MOULDED SDR11 75mm";68,076;68,076;25;1;75mm;1;2022/01/02;https://bailaerp.bt-industrial.co.za/storage/app/media/products/p1.png;;;;
22;26;7;13;"90&deg; ELBOW - PE100 MOULDED SDR11 90mm";MF-5-22;"90&deg; ELBOW - PE100 MOULDED SDR11 90mm";99,294;99,294;25;1;90mm;1;2022/01/03;https://bailaerp.bt-industrial.co.za/storage/app/media/products/p1.png;;;;
23;26;7;13;"90&deg; ELBOW - PE100 MOULDED SDR11 110mm";MF-5-23;"90&deg; ELBOW - PE100 MOULDED SDR11 110mm";164,178;164,178;25;1;110mm;1;2022/01/04;https://bailaerp.bt-industrial.co.za/storage/app/media/products/p1.png;;;;
24;26;7;13;"90&deg; ELBOW - PE100 MOULDED SDR11 125mm";MF-5-24;"90&deg; ELBOW - PE100 MOULDED SDR11 125mm";245,022;245,022;25;1;125mm;1;2022/01/05;https://bailaerp.bt-industrial.co.za/storage/app/media/products/p1.png;;;;
25;26;7;13;"90&deg; ELBOW - PE100 MOULDED SDR11 140mm";MF-5-25;"90&deg; ELBOW - PE100 MOULDED SDR11 140mm";278,682;278,682;25;1;140mm;1;2022/01/06;https://bailaerp.bt-industrial.co.za/storage/app/media/products/p1.png;;;;
26;26;7;13;"90&deg; ELBOW - PE100 MOULDED SDR11 160mm";MF-5-26;"90&deg; ELBOW - PE100 MOULDED SDR11 160mm";381,966;381,966;25;1;160mm;1;2022/01/07;https://bailaerp.bt-industrial.co.za/storage/app/media/products/p1.png;;;;
27;26;7;13;"90&deg; ELBOW - PE100 MOULDED SDR11 180mm";MF-5-27;"90&deg; ELBOW - PE100 MOULDED SDR11 180mm";549,378;549,378;25;1;180mm;1;2022/01/08;https://bailaerp.bt-industrial.co.za/storage/app/media/products/p1.png;;;;
28;26;7;13;"90&deg; ELBOW - PE100 MOULDED SDR11 200mm";MF-5-28;"90&deg; ELBOW - PE100 MOULDED SDR11 200mm";710,364;710,364;25;1;200mm;1;2022/01/09;https://bailaerp.bt-industrial.co.za/storage/app/media/products/p1.png;;;;
29;26;7;13;"90&deg; ELBOW - PE100 MOULDED SDR11 225mm";MF-5-29;"90&deg; ELBOW - PE100 MOULDED SDR11 225mm";1141,956;1141,956;25;1;225mm;1;2022/01/10;https://bailaerp.bt-industrial.co.za/storage/app/media/products/p1.png;;;;
30;26;7;13;"90&deg; ELBOW - PE100 MOULDED SDR11 250mm";MF-5-30;"90&deg; ELBOW - PE100 MOULDED SDR11 250mm";1216,458;1216,458;25;1;250mm;1;2022/01/11;https://bailaerp.bt-industrial.co.za/storage/app/media/products/p1.png;;;;
31;26;7;13;"90&deg; ELBOW - PE100 MOULDED SDR11 280mm";MF-5-31;"90&deg; ELBOW - PE100 MOULDED SDR11 280mm";1878,75;1878,75;25;1;280mm;1;2022/01/12;https://bailaerp.bt-industrial.co.za/storage/app/media/products/p1.png;;;;
32;26;7;13;"90&deg; ELBOW - PE100 MOULDED SDR11 315mm";MF-5-32;"90&deg; ELBOW - PE100 MOULDED SDR11 315mm";2423,34;2423,34;25;1;315mm;1;2022/01/13;https://bailaerp.bt-industrial.co.za/storage/app/media/products/p1.png;;;;
33;26;7;13;"90&deg; ELBOW - PE100 MOULDED SDR11 355mm";MF-5-33;"90&deg; ELBOW - PE100 MOULDED SDR11 355mm";4550,958;4550,958;25;1;355mm;1;2022/01/14;https://bailaerp.bt-industrial.co.za/storage/app/media/products/p1.png;;;;
34;26;7;13;"90&deg; ELBOW - PE100 MOULDED SDR11 400mm";MF-5-34;"90&deg; ELBOW - PE100 MOULDED SDR11 400mm";5573,808;5573,808;25;1;400mm;1;2022/01/15;https://bailaerp.bt-industrial.co.za/storage/app/media/products/p1.png;;;;
35;26;7;13;"90&deg; ELBOW - PE100 MOULDED SDR11 450mm";MF-5-35;"90&deg; ELBOW - PE100 MOULDED SDR11 450mm";8956,008;8956,008;25;1;450mm;1;2022/01/16;https://bailaerp.bt-industrial.co.za/storage/app/media/products/p1.png;;;;
36;26;7;13;"90&deg; ELBOW - PE100 MOULDED SDR11 500mm";MF-5-36;"90&deg; ELBOW - PE100 MOULDED SDR11 500mm";11754,738;11754,738;25;1;500mm;1;2022/01/17;https://bailaerp.bt-industrial.co.za/storage/app/media/products/p1.png;;;;
37;26;7;13;"90&deg; ELBOW - PE100 MOULDED SDR11 560mm";MF-5-37;"90&deg; ELBOW - PE100 MOULDED SDR11 560mm";14926,662;14926,662;25;1;560mm;1;2022/01/18;https://bailaerp.bt-industrial.co.za/storage/app/media/products/p1.png;;;;
38;26;7;13;"90&deg; ELBOW - PE100 MOULDED SDR11 630mm";MF-5-38;"90&deg; ELBOW - PE100 MOULDED SDR11 630mm";21905,706;21905,706;25;1;630mm;1;2022/01/19;https://bailaerp.bt-industrial.co.za/storage/app/media/products/p1.png;;;;
