productid,class_name,diameter,quote_weight,backup_quote_weight,New Quote Weight,production_weight,New KL,,Quote vs production,,,,
1,PN4,315,7.44,7.55,7.55,7.44,7.599,,-1.48%,,Adjustment,0.65%,
2,PN4,355,9.48,9.605,9.61,9.48,9.667,,-1.32%,,,,
3,PN4,400,12.03,12.175,12.18,12.03,12.254,,-1.21%,,,,
4,PN4,450,15.19,15.352,15.36,15.19,15.452,,-1.07%,,,,
5,PN4,500,18.87,19.113,19.12,18.87,19.237,,-1.29%,,,,
6,PN4,560,23.55,23.8,23.8,23.55,23.955,,-1.06%,,,,
7,PN4,630,29.78,30.109,30.11,29.78,30.305,,-1.10%,,,,
8,PN4,710,37.92,38.374,38.38,37.92,38.623,,-1.20%,,,,
9,PN4,800,48.12,48.66,48.66,48.12,48.976,,-1.12%,,,,
10,PN4,900,60.77,61.375,61.38,60.77,61.774,,-1.00%,,,,
11,PN4,1000,75.2,75.995,76,75.2,76.489,,-1.06%,,,,
12,PN5,315,9.31,9.43,9.43,9.31,9.491,,-1.29%,,,,
13,PN5,355,11.8,11.927,11.93,11.8,12.005,,-1.08%,,,,
14,PN5,400,15,15.188,15.19,15,15.287,,-1.25%,,,,
15,PN5,450,18.93,19.128,19.13,18.93,19.252,,-1.05%,,,,
16,PN5,500,23.32,23.591,23.6,23.32,23.744,,-1.16%,,,,
17,PN5,560,29.36,29.691,29.7,29.36,29.884,,-1.13%,,,,
18,PN5,630,37.07,37.455,37.46,37.07,37.698,,-1.04%,,,,
19,PN5,710,47.19,47.676,47.68,47.19,47.986,,-1.03%,,,,
20,PN5,800,59.76,60.395,60.4,59.76,60.788,,-1.06%,,,,
21,PN5,900,75.73,76.501,76.51,75.73,76.998,,-1.02%,,,,
22,PN5,1000,93.3,93.802,93.81,93.3,94.412,,-0.54%,,,,
23,PN6,50,0.3,0.311,0.32,0.3,0.313,,-3.67%,,,,
24,PN6,63,0.48,0.492,0.5,0.48,0.495,,-2.50%,,,,
25,PN6,75,0.66,0.673,0.68,0.66,0.677,,-1.97%,,,,
26,PN6,90,0.95,0.977,0.98,0.95,0.983,,-2.84%,,,,
27,PN6,110,1.4,1.434,1.44,1.4,1.443,,-2.43%,,,,
28,PN6,125,1.81,1.847,1.85,1.81,1.859,,-2.04%,,,,
29,PN6,140,2.29,2.331,2.34,2.29,2.346,,-1.79%,,,,
30,PN6,160,3,3.057,3.06,3,3.077,,-1.90%,,,,
31,PN6,180,3.76,3.806,3.81,3.76,3.831,,-1.22%,,,,
32,PN6,200,4.66,4.721,4.73,4.66,4.752,,-1.31%,,,,
33,PN6,225,5.85,5.932,5.94,5.85,5.971,,-1.40%,,,,
34,PN6,250,7.26,7.35,7.35,7.26,7.398,,-1.24%,,,,
35,PN6,280,9.06,9.167,9.17,9.06,9.227,,-1.18%,,,,
36,PN6,315,11.52,11.678,11.68,11.52,11.754,,-1.37%,,,,
37,PN6,355,14.6,14.76,14.76,14.6,14.856,,-1.10%,,,,
38,PN6,400,18.51,18.716,18.72,18.51,18.838,,-1.11%,,,,
39,PN6,450,23.4,23.664,23.67,23.4,23.818,,-1.13%,,,,
40,PN6,500,28.88,29.191,29.2,28.88,29.381,,-1.08%,,,,
41,PN6,560,36.24,36.591,36.6,36.24,36.829,,-0.97%,,,,
42,PN6,630,45.91,46.364,46.37,45.91,46.665,,-0.99%,,,,
43,PN6,710,58.39,59.026,59.03,58.39,59.410,,-1.09%,,,,
44,PN6,800,74.02,74.757,74.76,74.02,75.243,,-1.00%,,,,
45,PN6,900,93.62,94.927,94.93,93.62,95.544,,-1.40%,,,,
46,PN6,1000,115.51,116.668,116.67,115.51,117.426,,-1.00%,,,,
47,PN8,40,0.24,0.246,0.25,0.24,0.248,,-2.50%,,,,
48,PN8,50,0.36,0.372,0.38,0.36,0.374,,-3.33%,,,,
49,PN8,63,0.57,0.578,0.58,0.57,0.582,,-1.40%,,,,
50,PN8,75,0.81,0.827,0.83,0.81,0.832,,-2.10%,,,,
51,PN8,90,1.16,1.186,1.19,1.16,1.194,,-2.24%,,,,
52,PN8,110,1.74,1.78,1.78,1.74,1.792,,-2.30%,,,,
53,PN8,125,2.24,2.275,2.28,2.24,2.290,,-1.56%,,,,
54,PN8,140,2.81,2.849,2.85,2.81,2.868,,-1.39%,,,,
55,PN8,160,3.68,3.737,3.74,3.68,3.761,,-1.55%,,,,
56,PN8,180,4.63,4.696,4.7,4.63,4.727,,-1.43%,,,,
57,PN8,200,5.74,5.818,5.82,5.74,5.856,,-1.36%,,,,
58,PN8,225,7.27,7.353,7.36,7.27,7.401,,-1.14%,,,,
59,PN8,250,8.9,8.997,9,8.9,9.055,,-1.09%,,,,
60,PN8,280,11.23,11.358,11.36,11.23,11.432,,-1.14%,,,,
61,PN8,315,14.14,14.273,14.28,14.14,14.366,,-0.94%,,,,
62,PN8,355,17.96,18.123,18.13,17.96,18.241,,-0.91%,,,,
63,PN8,400,22.86,23.109,23.11,22.86,23.259,,-1.09%,,,,
64,PN8,450,28.95,29.224,29.23,28.95,29.414,,-0.95%,,,,
65,PN8,500,35.76,36.056,36.06,35.76,36.290,,-0.83%,,,,
66,PN8,560,44.74,45.127,45.13,44.74,45.420,,-0.86%,,,,
67,PN8,630,56.56,57.006,57.01,56.56,57.377,,-0.79%,,,,
68,PN8,710,72.02,72.697,72.7,72.02,73.170,,-0.94%,,,,
69,PN8,800,91.22,92.144,92.15,91.22,92.743,,-1.01%,,,,
70,PN8,900,115.54,116.59,116.59,115.54,117.348,,-0.91%,,,,
71,PN8,1000,142.74,144.043,144.05,142.74,144.979,,-0.91%,,,,
72,PN10,32,0.19,0.194,0.2,0.19,0.195,,-2.11%,,,,
73,PN10,40,0.28,0.294,0.3,0.28,0.296,,-5.00%,,,,
74,PN10,50,0.44,0.453,0.46,0.44,0.456,,-2.95%,,,,
75,PN10,63,0.71,0.721,0.73,0.71,0.726,,-1.55%,,,,
76,PN10,75,1,1.018,1.02,1,1.025,,-1.80%,,,,
77,PN10,90,1.43,1.463,1.47,1.43,1.473,,-2.31%,,,,
78,PN10,110,2.14,2.177,2.18,2.14,2.191,,-1.73%,,,,
79,PN10,125,2.73,2.777,2.78,2.73,2.795,,-1.72%,,,,
80,PN10,140,3.43,3.487,3.49,3.43,3.510,,-1.66%,,,,
81,PN10,160,4.49,4.551,4.56,4.49,4.581,,-1.36%,,,,
82,PN10,180,5.69,5.76,5.76,5.69,5.793,,-1.16%,,,,
83,PN10,200,7.03,7.10,7.11,7.03,7.149,,-1.04%,,,,
84,PN10,225,8.9,9.01,9.01,8.9,9.068,,-1.22%,,,,
85,PN10,250,10.93,11.04,11.04,10.93,11.112,,-1.01%,,,,
86,PN10,280,13.73,13.87,13.87,13.73,13.960,,-1.02%,,,,
87,PN10,315,17.4,17.57,17.57,17.4,17.679,,-0.95%,,,,
88,PN10,355,22.12,22.36,22.36,22.12,22.501,,-1.07%,,,,
89,PN10,400,28.01,28.25,28.26,28.01,28.437,,-0.87%,,,,
90,PN10,450,35.49,35.80,35.8,35.49,36.028,,-0.86%,,,,
91,PN10,500,43.86,44.23,44.23,43.86,44.515,,-0.84%,,,Weight,5%
92,PN10,560,54.92,55.41,55.41,54.92,55.767,,-0.89%,,,Settlement,2.50%
93,PN10,630,69.6,70.18,70.18,69.6,70.631,,-0.83%,,,Scrap,5%
94,PN10,710,88.3,89.18,89.19,88.3,89.763,,-1.00%,,,,
95,PN10,800,112.03,113.09,113.09,112.03,113.821,,-0.94%,,,,6.00E+06
96,PN10,900,141.72,143.05,143.05,141.72,143.980,,-0.94%,,,, R780 000.00 
97,PN10,1000,175.18,176.80,176.8,175.18,177.945,,-0.92%,,,,
98,PN12.5,25,0.14,0.149,0.15,0.14,0.1500,,-6.43%,,,,
99,PN12.5,32,0.22,0.23,0.24,0.22,0.233,,-5.00%,,,,
100,PN12.5,40,0.35,0.36,0.37,0.35,0.363,,-3.14%,,,,
101,PN12.5,50,0.54,0.55,0.55,0.54,0.554,,-1.85%,,,,
102,PN12.5,63,0.86,0.88,0.88,0.86,0.882,,-1.86%,,,,
103,PN12.5,75,1.22,1.24,1.25,1.22,1.249,,-1.72%,,,,
104,PN12.5,90,1.75,1.78,1.78,1.75,1.790,,-1.60%,,,,
105,PN12.5,110,2.59,2.63,2.64,2.59,2.651,,-1.70%,,,,
106,PN12.5,125,3.34,3.39,3.4,3.34,3.416,,-1.62%,,,,
107,PN12.5,140,4.19,4.25,4.25,4.19,4.278,,-1.43%,,,,
108,PN12.5,160,5.49,5.55,5.55,5.49,5.583,,-1.04%,,,,
109,PN12.5,180,6.96,7.04,7.05,6.96,7.087,,-1.16%,,,,
110,PN12.5,200,8.55,8.64,8.64,8.55,8.691,,-0.99%,,,,
111,PN12.5,225,10.85,10.97,10.97,10.85,11.037,,-1.07%,,,,
112,PN12.5,250,13.37,13.51,13.51,13.37,13.596,,-1.03%,,,,
113,PN12.5,280,16.77,16.93,16.93,16.77,17.035,,-0.92%,,,,
114,PN12.5,315,21.24,21.45,21.45,21.24,21.589,,-0.99%,,,,
115,PN12.5,355,26.94,27.20,27.2,26.94,27.374,,-0.95%,,,,
116,PN12.5,400,34.19,34.49,34.49,34.19,34.712,,-0.87%,,,,
117,PN12.5,450,43.3,43.69,43.69,43.3,43.969,,-0.89%,,,,
118,PN12.5,500,53.48,53.90,53.91,53.48,54.254,,-0.79%,,,,
119,PN12.5,560,67.07,67.63,67.63,67.07,68.068,,-0.83%,,,,
120,PN12.5,630,84.8,85.48,85.48,84.8,86.035,,-0.80%,,,,
121,PN12.5,710,107.74,108.77,108.78,107.74,109.478,,-0.96%,,,,
122,PN12.5,800,136.75,137.97,137.98,136.75,138.869,,-0.89%,,,,
123,PN12.5,900,173.19,174.79,174.8,173.19,175.929,,-0.93%,,,,
124,PN12.5,1000,211.01,212.89,212.9,211.01,214.276,,-0.89%,,,,
125,PN16,20,0.11,0.12,0.12,0.11,0.117,,-5.45%,,,,
126,PN16,25,0.16,0.17,0.17,0.16,0.171,,-6.25%,,,,
127,PN16,32,0.27,0.28,0.28,0.27,0.281,,-3.33%,,,,
128,PN16,40,0.42,0.43,0.44,0.42,0.434,,-2.62%,,,,
129,PN16,50,0.65,0.67,0.67,0.65,0.672,,-2.77%,,,,
130,PN16,63,1.04,1.06,1.06,1.04,1.063,,-1.54%,,,,
131,PN16,75,1.45,1.48,1.48,1.45,1.485,,-1.72%,,,,
132,PN16,90,2.1,2.14,2.14,2.1,2.151,,-1.76%,,,,
133,PN16,110,3.13,3.17,3.17,3.13,3.190,,-1.25%,,,,
134,PN16,125,4.06,4.11,4.12,4.06,4.138,,-1.26%,,,,
135,PN16,140,5.07,5.12,5.13,5.07,5.157,,-1.07%,,,,
136,PN16,160,6.65,6.73,6.73,6.65,6.769,,-1.13%,,,,
137,PN16,180,8.41,8.50,8.5,8.41,8.555,,-1.07%,,,,
138,PN16,200,10.37,10.48,10.49,10.37,10.550,,-1.08%,,,,
139,PN16,225,13.14,13.27,13.27,13.14,13.354,,-0.97%,,,,
140,PN16,250,16.17,16.32,16.32,16.17,16.423,,-0.91%,,,,
141,PN16,280,20.27,20.46,20.46,20.27,20.590,,-0.92%,,,,
142,PN16,315,25.67,25.90,25.9,25.67,26.063,,-0.88%,,,,
143,PN16,355,32.58,32.87,32.88,32.58,33.087,,-0.90%,,,,
144,PN16,400,41.38,41.73,41.74,41.38,42.005,,-0.86%,,,,
145,PN16,450,52.45,52.85,52.85,52.45,53.189,,-0.76%,,,,
146,PN16,500,64.69,65.21,65.21,64.69,65.633,,-0.80%,,,,
147,PN16,560,81.08,81.69,81.7,81.08,82.222,,-0.75%,,,,
148,PN16,630,102.7,103.50,103.51,102.7,104.177,,-0.78%,,,,
149,PN16,710,130.5,131.70,131.7,130.5,132.552,,-0.92%,,,,
150,PN16,800,165.53,167.01,167.02,165.53,168.100,,-0.90%,,,,
151,PN16,900,209.56,211.41,211.41,209.56,212.779,,-0.88%,,,,
152,PN16,1000,257.24,259.55,259.55,257.24,261.237,,-0.90%,,,,
153,PN20,16,0.09,0.09,0.1,0.09,0.092,,-1.11%,,,,
154,PN20,20,0.13,0.13,0.14,0.13,0.134,,-2.31%,,,,
155,PN20,25,0.21,0.21,0.22,0.21,0.212,,-0.48%,,,,
156,PN20,32,0.32,0.33,0.33,0.32,0.330,,-2.50%,,,,
157,PN20,40,0.5,0.51,0.52,0.5,0.514,,-2.20%,,,,
158,PN20,50,0.78,0.79,0.8,0.78,0.797,,-1.54%,,,,
159,PN20,63,1.24,1.27,1.27,1.24,1.273,,-2.02%,,,,
160,PN20,75,1.75,1.78,1.78,1.75,1.789,,-1.54%,,,,
161,PN20,90,2.53,2.56,2.57,2.53,2.580,,-1.30%,,,,
162,PN20,110,3.76,3.81,3.81,3.76,3.834,,-1.30%,,,,
163,PN20,125,4.86,4.93,4.93,4.86,4.958,,-1.36%,,,,
164,PN20,140,6.11,6.17,6.18,6.11,6.211,,-1.00%,,,,
165,PN20,160,7.96,8.04,8.04,7.96,8.088,,-0.95%,,,,
166,PN20,180,10.06,10.17,10.17,10.06,10.233,,-1.06%,,,,
167,PN20,200,12.45,12.57,12.58,12.45,12.654,,-0.98%,,,,
168,PN20,225,15.76,15.91,15.92,15.76,16.016,,-0.97%,,,,
169,PN20,250,19.4,19.56,19.56,19.4,19.684,,-0.81%,,,,
170,PN20,280,24.37,24.58,24.59,24.37,24.744,,-0.88%,,,,
171,PN20,315,30.83,31.10,31.1,30.83,31.301,,-0.87%,,,,
172,PN20,355,39.18,39.50,39.5,39.18,39.756,,-0.81%,,,,
173,PN20,400,49.72,50.10,50.11,49.72,50.429,,-0.77%,,,,
174,PN20,450,62.94,63.44,63.44,62.94,63.849,,-0.79%,,,,
175,PN20,500,77.59,78.17,78.17,77.59,78.678,,-0.75%,,,,
176,PN20,560,97.34,98.08,98.08,97.34,98.713,,-0.76%,,,,
177,PN20,630,123.17,124.11,124.11,123.17,124.913,,-0.76%,,,,
178,PN20,710,156.57,158.00,158,156.57,159.027,,-0.91%,,,,
179,PN20,800,198.68,200.47,200.48,198.68,201.775,,-0.90%,,,,
180,PN25,16,0.1,0.10,0.11,0.1,0.104,,-3.00%,,,,
181,PN25,20,0.16,0.16,0.17,0.16,0.164,,-1.88%,,,,
182,PN25,25,0.24,0.24,0.25,0.24,0.244,,-0.83%,,,,
183,PN25,32,0.38,0.39,0.39,0.38,0.391,,-2.11%,,,,
184,PN25,40,0.59,0.61,0.61,0.59,0.609,,-2.54%,,,,
185,PN25,50,0.93,0.94,0.95,0.93,0.949,,-1.40%,,,,
186,PN25,63,1.46,1.48,1.49,1.46,1.492,,-1.51%,,,,
187,PN25,75,2.08,2.11,2.12,2.08,2.125,,-1.49%,,,,
188,PN25,90,2.99,3.02,3.03,2.99,3.044,,-1.14%,,,,
189,PN25,110,4.48,4.53,4.54,4.48,4.561,,-1.16%,,,,
190,PN25,125,5.77,5.83,5.84,5.77,5.870,,-1.07%,,,,
191,PN25,140,7.25,7.33,7.33,7.25,7.374,,-1.05%,,,,
192,PN25,160,9.45,9.54,9.54,9.45,9.597,,-0.90%,,,,
193,PN25,180,11.95,12.06,12.06,11.95,12.133,,-0.88%,,,,
194,PN25,200,14.78,14.91,14.92,14.78,15.010,,-0.90%,,,,
195,PN25,225,18.69,18.85,18.85,18.69,18.972,,-0.85%,,,,
196,PN25,250,23.07,23.27,23.27,23.07,23.419,,-0.86%,,,,
197,PN25,280,28.93,29.18,29.18,28.93,29.366,,-0.85%,,,,
198,PN25,315,36.62,36.93,36.94,36.62,37.173,,-0.85%,,,,
199,PN25,355,46.46,46.83,46.83,46.46,47.134,,-0.80%,,,,
200,PN25,400,59.03,59.48,59.48,59.03,59.866,,-0.76%,,,,
201,PN25,450,74.67,75.24,75.25,74.67,75.731,,-0.77%,,,,
202,PN34,16,NULL,0.13,0.13,NULL,0.126,,#VALUE!,,,,
203,PN34,20,NULL,0.18,0.19,NULL,0.182,,#VALUE!,,,,
204,PN34,25,NULL,0.28,0.28,NULL,0.277,,#VALUE!,,,,
205,PN34,32,NULL,0.46,0.46,NULL,0.460,,#VALUE!,,,,
206,PN34,40,NULL,0.71,0.71,NULL,0.712,,#VALUE!,,,,
207,PN34,50,NULL,1.10,1.1,NULL,1.103,,#VALUE!,,,,
208,PN34,63,NULL,1.74,1.75,NULL,1.752,,#VALUE!,,,,
209,PN34,75,NULL,2.47,2.47,NULL,2.481,,#VALUE!,,,,
210,PN34,90,NULL,3.55,3.56,NULL,3.574,,#VALUE!,,,,
211,PN34,110,NULL,5.29,5.29,NULL,5.323,,#VALUE!,,,,
212,PN34,125,NULL,6.82,6.83,NULL,6.866,,#VALUE!,,,,
213,PN34,140,NULL,8.56,8.57,NULL,8.619,,#VALUE!,,,,
214,PN34,160,NULL,11.17,11.17,NULL,11.239,,#VALUE!,,,,
215,PN34,180,NULL,14.11,14.12,NULL,14.205,,#VALUE!,,,,
216,PN34,200,NULL,17.42,17.43,NULL,17.537,,#VALUE!,,,,
217,PN34,225,NULL,22.07,22.07,NULL,22.212,,#VALUE!,,,,
218,PN34,250,NULL,27.21,27.21,NULL,27.384,,#VALUE!,,,,
219,PN34,280,NULL,34.14,34.14,NULL,34.358,,#VALUE!,,,,
220,PN34,315,NULL,43.20,43.2,NULL,43.476,,#VALUE!,,,,
221,PN34,355,NULL,54.88,54.88,NULL,55.235,,#VALUE!,,,,
222,PN16,16,0.07,0.08,0.08,0.07,0.081,,-14.29%,,,,
223,PN4,200,3.01,4.66,4.66,3.01,4.690,,-54.82%,,,,
224,PN4,50,0.24,0.24,0.24,0.24,0.242,,0.00%,,,,
225,PN6,105,1.4,1.40,1.4,1.4,1.409,,0.00%,,,,
226,PN12.5,20,0.09,0.09,0.09,0.09,0.091,,0.00%,,,,
227,PN10,25,0.12,0.12,0.12,0.12,0.121,,0.00%,,,,
228,PN6,32,0.15,0.15,0.15,0.15,0.151,,0.00%,,,,
229,PN6,40,0.19,0.19,0.19,0.19,0.191,,0.00%,,,,
230,PN8,32,0.16,0.16,0.16,0.16,0.161,,0.00%,,,,
231,PN8,40,0.24,0.24,0.24,0.24,0.242,,0.00%,,,,
232,PN10,25,0.12,0.12,0.12,0.12,0.121,,0.00%,,,,
233,PN10,32,0.19,0.19,0.19,0.19,0.191,,0.00%,,,,
234,PN10,40,0.28,0.28,0.28,0.28,0.282,,0.00%,,,,
235,PN12.5,20,0.09,0.09,0.09,0.09,0.091,,0.00%,,,,
236,PN12.5,25,0.14,0.14,0.14,0.14,0.141,,0.00%,,,,
237,PN12.5,40,0.35,0.35,0.35,0.35,0.352,,0.00%,,,,
238,PN16,16,0.11,0.11,0.11,0.11,0.111,,0.00%,,,,
239,PN16,25,0.16,0.16,0.16,0.16,0.161,,0.00%,,,,
240,PN16,32,0.27,0.27,0.27,0.27,0.272,,0.00%,,,,
242,PN16,40,0.42,0.42,0.42,0.42,0.423,,0.00%,,,,
243,PN20,20,0.13,0.13,0.13,0.13,0.131,,0.00%,,,,
244,PN20,25,0.21,0.21,0.21,0.21,0.211,,0.00%,,,,
245,PN20,32,0.32,0.32,0.32,0.32,0.322,,0.00%,,,,
246,PN20,40,0.5,0.50,0.5,0.5,0.503,,0.00%,,,,
247,Polycop,15,0.08,0.08,0.08,0.08,0.081,,0.00%,,,,
248,Polycop,22,0.17,0.17,0.17,0.17,0.171,,0.00%,,,,
249,Polycop,28,0.27,0.27,0.27,0.27,0.272,,0.00%,,,,
250,Polycop,35,0.43,0.43,0.43,0.43,0.433,,0.00%,,,,
251,PN16,138,5.07,5.12,5.13,5.07,5.157,,-1.07%,,,,
252,PN10,20,0.9,NULL,#VALUE!,0.9,1.2,,#VALUE!,,,,
