pn_id,daimeter_id,od_min,od_mx,ovality_max,COIL,wt_min,wt_ave,wt_ax,pipe_id,prod_value
1,50,50,50.4,1.4,900,1.6,1.68,1.76,46.64,0.24
1,63,63,63.4,1.5,1134,1.6,1.68,1.76,59.64,0.31
1,75,75,75.5,1.6,1350,1.8,1.89,1.98,71.22,0.41
1,90,90,90.6,1.8,1620,2.2,2.31,2.42,85.38,0.61
1,110,110,110.7,2.2,1980,2.7,2.84,2.97,104.33,0.91
1,125,125,125.8,2.5,2250,3,3.15,3.3,118.7,1.15
1,140,140,140.9,2.8,2520,3.4,3.57,3.74,132.86,1.46
1,160,160,161,3.2,2880,3.9,4.1,4.29,151.81,1.92
1,180,180,181.1,3.6,3240,4.4,4.62,4.84,170.76,2.43
1,200,200,201.2,4,3600,4.9,5.15,5.39,189.71,3.01
1,225,225,226.4,4.5,4050,5.5,5.78,6.05,213.45,3.80
1,250,250,251.5,5,4500,6.1,6.41,6.71,237.19,4.68
1,280,280,281.7,9.8,5040,6.8,7.14,7.48,265.72,5.85
1,315,315,316.9,11.1,5670,7.7,8.09,8.47,298.83,7.44
1,355,355,357.2,12.5,6390,8.7,9.14,9.57,336.73,9.48
1,400,400,402.4,14,7200,9.8,10.29,10.78,379.42,12.03
1,450,450,452.7,15.6,8100,11,11.55,12.1,426.9,15.19
1,500,500,503,17.5,9000,12.3,12.92,13.53,474.17,18.87
1,560,560,563.4,19.6,10080,13.7,14.39,15.07,531.23,23.55
1,630,630,633.8,22.1,11340,15.4,16.17,16.94,597.66,29.78
1,710,710,716.4,0,12780,17.4,18.27,19.14,673.46,37.92
1,800,800,807.2,0,14400,19.6,20.58,21.56,758.84,48.12
1,900,900,908.1,0,16200,22,23.1,24.2,853.8,60.77
1,1000,1000,1009,0,18000,24.5,25.73,26.95,948.55,75.20
2,50,50,50.4,1.4,900,1.6,1.68,1.76,46.64,0.24
2,63,63,63.4,1.5,1134,1.9,2,2.09,59.01,0.37
2,75,75,75.5,1.6,1350,2.3,2.42,2.53,70.17,0.53
2,90,90,90.6,1.8,1620,2.7,2.84,2.97,84.33,0.74
2,110,110,110.7,2.2,1980,3.3,3.47,3.63,103.07,1.11
2,125,125,125.8,2.5,2250,3.8,3.99,4.18,117.02,1.45
2,140,140,140.9,2.8,2520,4.2,4.41,4.62,131.18,1.79
2,160,160,161,3.2,2880,4.8,5.04,5.28,149.92,2.34
2,180,180,181.1,3.6,3240,5.5,5.78,6.05,168.45,3.02
2,200,200,201.2,4,3600,6.1,6.41,6.71,187.19,3.72
2,225,225,226.4,4.5,4050,6.8,7.14,7.48,210.72,4.67
2,250,250,251.5,5,4500,7.6,7.98,8.36,234.04,5.79
2,280,280,281.7,9.8,5040,8.5,8.93,9.35,262.15,7.26
2,315,315,316.9,11.1,5670,9.7,10.19,10.67,294.63,9.31
2,355,355,357.2,12.5,6390,10.9,11.45,11.99,332.11,11.80
2,400,400,402.4,14,7200,12.3,12.92,13.53,374.17,15.00
2,450,450,452.7,15.6,8100,13.8,14.49,15.18,421.02,18.93
2,500,500,503,17.5,9000,15.3,16.07,16.83,467.87,23.32
2,560,560,563.4,19.6,10080,17.2,18.06,18.92,523.88,29.36
2,630,630,633.8,22.1,11340,19.3,20.27,21.23,589.47,37.07
2,710,710,716.4,0,12780,21.8,22.89,23.98,664.22,47.19
2,800,800,807.2,0,14400,24.5,25.73,26.95,748.55,59.76
2,900,900,908.1,0,16200,27.6,28.98,30.36,842.04,75.73
2,1000,1000,1009,0,18000,30.6,32.13,33.66,935.74,93.30
3,32,32,32.3,1.3,576,1.6,1.68,1.76,28.64,0.15
3,40,40,40.4,1.4,720,1.6,1.68,1.76,36.64,0.19
3,50,50,50.4,1.4,900,2,2.1,2.2,45.8,0.30
3,63,63,63.4,1.5,1134,2.5,2.63,2.75,57.75,0.48
3,75,75,75.5,1.6,1350,2.9,3.05,3.19,68.91,0.66
3,90,90,90.6,1.8,1620,3.5,3.68,3.85,82.65,0.95
3,110,110,110.7,2.2,1980,4.2,4.41,4.62,101.18,1.40
3,125,125,125.8,2.5,2250,4.8,5.04,5.28,114.92,1.81
3,140,140,140.9,2.8,2520,5.4,5.67,5.94,128.66,2.29
3,160,160,161,3.2,2880,6.2,6.51,6.82,146.98,3.00
3,180,180,181.1,3.6,3240,6.9,7.25,7.59,165.51,3.76
3,200,200,201.2,4,3600,7.7,8.09,8.47,183.83,4.66
3,225,225,226.4,4.5,4050,8.6,9.03,9.46,206.94,5.85
3,250,250,251.5,5,4500,9.6,10.08,10.56,229.84,7.26
3,280,280,281.7,9.8,5040,10.7,11.24,11.77,257.53,9.06
3,315,315,316.9,11.1,5670,12.1,12.71,13.31,289.59,11.52
3,355,355,357.2,12.5,6390,13.6,14.28,14.96,326.44,14.60
3,400,400,402.4,14,7200,15.3,16.07,16.83,367.87,18.51
3,450,450,452.7,15.6,8100,17.2,18.06,18.92,413.88,23.40
3,500,500,503,17.5,9000,19.1,20.06,21.01,459.89,28.88
3,560,560,563.4,19.6,10080,21.4,22.47,23.54,515.06,36.24
3,630,630,633.8,22.1,11340,24.1,25.31,26.51,579.39,45.91
3,710,710,716.4,0,12780,27.2,28.56,29.92,652.88,58.39
3,800,800,807.2,0,14400,30.6,32.13,33.66,735.74,74.02
3,900,900,908.1,0,16200,34.4,36.12,37.84,827.76,93.62
3,1000,1000,1009,0,18000,38.2,40.11,42.02,919.78,115.51
4,32,32,32.3,1.3,576,1.7,1.79,1.87,28.43,0.16
4,40,40,40.4,1.4,720,2,2.1,2.2,35.8,0.24
4,50,50,50.4,1.4,900,2.4,2.52,2.64,44.96,0.36
4,63,63,63.4,1.5,1134,3,3.15,3.3,56.7,0.57
4,75,75,75.5,1.6,1350,3.6,3.78,3.96,67.44,0.81
4,90,90,90.6,1.8,1620,4.3,4.52,4.73,80.97,1.16
4,110,110,110.7,2.2,1980,5.3,5.57,5.83,98.87,1.74
4,125,125,125.8,2.5,2250,6,6.3,6.6,112.4,2.24
4,140,140,140.9,2.8,2520,6.7,7.04,7.37,125.93,2.81
4,160,160,161,3.2,2880,7.7,8.09,8.47,143.83,3.68
4,180,180,181.1,3.6,3240,8.6,9.03,9.46,161.94,4.63
4,200,200,201.2,4,3600,9.6,10.08,10.56,179.84,5.74
4,225,225,226.4,4.5,4050,10.8,11.34,11.88,202.32,7.27
4,250,250,251.5,5,4500,11.9,12.5,13.09,225.01,8.90
4,280,280,281.7,9.8,5040,13.4,14.07,14.74,251.86,11.23
4,315,315,316.9,11.1,5670,15,15.75,16.5,283.5,14.14
4,355,355,357.2,12.5,6390,16.9,17.75,18.59,319.51,17.96
4,400,400,402.4,14,7200,19.1,20.06,21.01,359.89,22.86
4,450,450,452.7,15.6,8100,21.5,22.58,23.65,404.85,28.95
4,500,500,503,17.5,9000,23.9,25.1,26.29,449.81,35.76
4,560,560,563.4,19.6,10080,26.7,28.04,29.37,503.93,44.74
4,630,630,633.8,22.1,11340,30,31.5,33,567,56.56
4,710,710,716.4,0,12780,33.9,35.6,37.29,638.81,72.02
4,800,800,807.2,0,14400,38.1,40.01,41.91,719.99,91.22
4,900,900,908.1,0,16200,42.9,45.05,47.19,809.91,115.54
4,1000,1000,1009,0,18000,47.7,50.09,52.47,899.83,142.74
5,25,25,25.3,1.2,450,1.6,1.68,1.76,21.64,0.12
5,32,32,32.3,1.3,576,2,2.1,2.2,27.8,0.19
5,40,40,40.4,1.4,720,2.4,2.52,2.64,34.96,0.28
5,50,50,50.4,1.4,900,3,3.15,3.3,43.7,0.44
5,63,63,63.4,1.5,1134,3.8,3.99,4.18,55.02,0.71
5,75,75,75.5,1.6,1350,4.5,4.73,4.95,65.55,1.00
5,90,90,90.6,1.8,1620,5.4,5.67,5.94,78.66,1.43
5,110,110,110.7,2.2,1980,6.6,6.93,7.26,96.14,2.14
5,125,125,125.8,2.5,2250,7.4,7.77,8.14,109.46,2.73
5,140,140,140.9,2.8,2520,8.3,8.72,9.13,122.57,3.43
5,160,160,161,3.2,2880,9.5,9.98,10.45,140.05,4.49
5,180,180,181.1,3.6,3240,10.7,11.24,11.77,157.53,5.69
5,200,200,201.2,4,3600,11.9,12.5,13.09,175.01,7.03
5,225,225,226.4,4.5,4050,13.4,14.07,14.74,196.86,8.90
5,250,250,251.5,5,4500,14.8,15.54,16.28,218.92,10.93
5,280,280,281.7,9.8,5040,16.6,17.43,18.26,245.14,13.73
5,315,315,316.9,11.1,5670,18.7,19.64,20.57,275.73,17.40
5,355,355,357.2,12.5,6390,21.1,22.16,23.21,310.69,22.12
5,400,400,402.4,14,7200,23.7,24.89,26.07,350.23,28.01
5,450,450,452.7,15.6,8100,26.7,28.04,29.37,393.93,35.49
5,500,500,503,17.5,9000,29.7,31.19,32.67,437.63,43.86
5,560,560,563.4,19.6,10080,33.2,34.86,36.52,490.28,54.92
5,630,630,633.8,22.1,11340,37.4,39.27,41.14,551.46,69.60
5,710,710,716.4,0,12780,42.1,44.21,46.31,621.59,88.30
5,800,800,807.2,0,14400,47.4,49.77,52.14,700.46,112.03
5,900,900,908.1,0,16200,53.3,55.97,58.63,788.07,141.72
5,1000,1000,1009,0,18000,59.3,62.27,65.23,875.47,175.18
6,20,20,20.3,1.2,360,1.6,1.68,1.76,16.64,0.09
6,25,25,25.3,1.2,450,2,2.1,2.2,20.8,0.14
6,32,32,32.3,1.3,576,2.4,2.52,2.64,26.96,0.22
6,40,40,40.4,1.4,720,3,3.15,3.3,33.7,0.35
6,50,50,50.4,1.4,900,3.7,3.89,4.07,42.23,0.54
6,63,63,63.4,1.5,1134,4.7,4.94,5.17,53.13,0.86
6,75,75,75.5,1.6,1350,5.6,5.88,6.16,63.24,1.22
6,90,90,90.6,1.8,1620,6.7,7.04,7.37,75.93,1.75
6,110,110,110.7,2.2,1980,8.1,8.51,8.91,92.99,2.59
6,125,125,125.8,2.5,2250,9.2,9.66,10.12,105.68,3.34
6,140,140,140.9,2.8,2520,10.3,10.82,11.33,118.37,4.19
6,160,160,161,3.2,2880,11.8,12.39,12.98,135.22,5.49
6,180,180,181.1,3.6,3240,13.3,13.97,14.63,152.07,6.96
6,200,200,201.2,4,3600,14.7,15.44,16.17,169.13,8.55
6,225,225,226.4,4.5,4050,16.6,17.43,18.26,190.14,10.85
6,250,250,251.5,5,4500,18.4,19.32,20.24,211.36,13.37
6,280,280,281.7,9.8,5040,20.6,21.63,22.66,236.74,16.77
6,315,315,316.9,11.1,5670,23.2,24.36,25.52,266.28,21.24
6,355,355,357.2,12.5,6390,26.1,27.41,28.71,300.19,26.94
6,400,400,402.4,14,7200,29.4,30.87,32.34,338.26,34.19
6,450,450,452.7,15.6,8100,33.1,34.76,36.41,380.49,43.30
6,500,500,503,17.5,9000,36.8,38.64,40.48,422.72,53.48
6,560,560,563.4,19.6,10080,41.2,43.26,45.32,473.48,67.07
6,630,630,633.8,22.1,11340,46.3,48.62,50.93,532.77,84.80
6,710,710,716.4,0,12780,52.2,54.81,57.42,600.38,107.74
6,800,800,807.2,0,14400,58.8,61.74,64.68,676.52,136.75
6,900,900,908.1,0,16200,66.2,69.51,72.82,760.98,173.19
6,1000,1000,1009,0,18000,72.5,76.13,79.75,847.75,211.01
7,16,16,16.3,1.2,288,1.6,1.68,1.76,12.64,0.07
7,20,20,20.3,1.2,360,2,2.1,2.2,15.8,0.11
7,25,25,25.3,1.2,450,2.3,2.42,2.53,20.17,0.16
7,32,32,32.3,1.3,576,3,3.15,3.3,25.7,0.27
7,40,40,40.4,1.4,720,3.7,3.89,4.07,32.23,0.42
7,50,50,50.4,1.4,900,4.6,4.83,5.06,40.34,0.65
7,63,63,63.4,1.5,1134,5.8,6.09,6.38,50.82,1.04
7,75,75,75.5,1.6,1350,6.8,7.14,7.48,60.72,1.45
7,90,90,90.6,1.8,1620,8.2,8.61,9.02,72.78,2.10
7,110,110,110.7,2.2,1980,10,10.5,11,89,3.13
7,125,125,125.8,2.5,2250,11.4,11.97,12.54,101.06,4.06
7,140,140,140.9,2.8,2520,12.7,13.34,13.97,113.33,5.07
7,160,160,161,3.2,2880,14.6,15.33,16.06,129.34,6.65
7,180,180,181.1,3.6,3240,16.4,17.22,18.04,145.56,8.41
7,200,200,201.2,4,3600,18.2,19.11,20.02,161.78,10.37
7,225,225,226.4,4.5,4050,20.5,21.53,22.55,181.95,13.14
7,250,250,251.5,5,4500,22.7,23.84,24.97,202.33,16.17
7,280,280,281.7,9.8,5040,25.4,26.67,27.94,226.66,20.27
7,315,315,316.9,11.1,5670,28.6,30.03,31.46,254.94,25.67
7,355,355,357.2,12.5,6390,32.2,33.81,35.42,287.38,32.58
7,400,400,402.4,14,7200,36.3,38.12,39.93,323.77,41.38
7,450,450,452.7,15.6,8100,40.9,42.95,44.99,364.11,52.45
7,500,500,503,17.5,9000,45.4,47.67,49.94,404.66,64.69
7,560,560,563.4,19.6,10080,50.8,53.34,55.88,453.32,81.08
7,630,630,633.8,22.1,11340,57.2,60.06,62.92,509.88,102.70
7,710,710,716.4,0,12780,64.5,67.73,70.95,574.55,130.50
7,800,800,807.2,0,14400,72.6,76.23,79.86,647.54,165.53
7,900,900,908.1,0,16200,81.7,85.79,89.87,728.43,209.56
7,1000,1000,1009,0,18000,90.2,94.71,99.22,810.58,257.24
8,16,16,16.3,1.2,288,2,2.1,2.2,11.8,0.09
8,20,20,20.3,1.2,360,2.3,2.42,2.53,15.17,0.13
8,25,25,25.3,1.2,450,3,3.15,3.3,18.7,0.21
8,32,32,32.3,1.3,576,3.6,3.78,3.96,24.44,0.32
8,40,40,40.4,1.4,720,4.5,4.73,4.95,30.55,0.50
8,50,50,50.4,1.4,900,5.6,5.88,6.16,38.24,0.78
8,63,63,63.4,1.5,1134,7.1,7.46,7.81,48.09,1.24
8,75,75,75.5,1.6,1350,8.4,8.82,9.24,57.36,1.75
8,90,90,90.6,1.8,1620,10.1,10.61,11.11,68.79,2.53
8,110,110,110.7,2.2,1980,12.3,12.92,13.53,84.17,3.76
8,125,125,125.8,2.5,2250,14,14.7,15.4,95.6,4.86
8,140,140,140.9,2.8,2520,15.7,16.49,17.27,107.03,6.11
8,160,160,161,3.2,2880,17.9,18.8,19.69,122.41,7.96
8,180,180,181.1,3.6,3240,20.1,21.11,22.11,137.79,10.06
8,200,200,201.2,4,3600,22.4,23.52,24.64,152.96,12.45
8,225,225,226.4,4.5,4050,25.2,26.46,27.72,172.08,15.76
8,250,250,251.5,5,4500,27.9,29.3,30.69,191.41,19.40
8,280,280,281.7,9.8,5040,31.3,32.87,34.43,214.27,24.37
8,315,315,316.9,11.1,5670,35.2,36.96,38.72,241.08,30.83
8,355,355,357.2,12.5,6390,39.7,41.69,43.67,271.63,39.18
8,400,400,402.4,14,7200,44.7,46.94,49.17,306.13,49.72
8,450,450,452.7,15.6,8100,50.3,52.82,55.33,344.37,62.94
8,500,500,503,17.5,9000,55.8,58.59,61.38,382.82,77.59
8,560,560,563.4,19.6,10080,62.5,65.63,68.75,428.75,97.34
8,630,630,633.8,22.1,11340,70.3,73.82,77.33,482.37,123.17
8,710,710,716.4,0,12780,79.3,83.27,87.23,543.47,156.57
8,800,800,807.2,0,14400,89.3,93.77,98.23,612.47,198.68
9,16,16,16.3,1.2,288,2.3,2.42,2.53,11.17,0.10
9,20,20,20.3,1.2,360,3,3.15,3.3,13.7,0.16
9,25,25,25.3,1.2,450,3.5,3.68,3.85,17.65,0.24
9,32,32,32.3,1.3,576,4.4,4.62,4.84,22.76,0.38
9,40,40,40.4,1.4,720,5.5,5.78,6.05,28.45,0.59
9,50,50,50.4,1.4,900,6.9,7.25,7.59,35.51,0.93
9,63,63,63.4,1.5,1134,8.6,9.03,9.46,44.94,1.46
9,75,75,75.5,1.6,1350,10.3,10.82,11.33,53.37,2.08
9,90,90,90.6,1.8,1620,12.3,12.92,13.53,64.17,2.99
9,110,110,110.7,2.2,1980,15.1,15.86,16.61,78.29,4.48
9,125,125,125.8,2.5,2250,17.1,17.96,18.81,89.09,5.77
9,140,140,140.9,2.8,2520,19.2,20.16,21.12,99.68,7.25
9,160,160,161,3.2,2880,21.9,23,24.09,114.01,9.45
9,180,180,181.1,3.6,3240,24.6,25.83,27.06,128.34,11.95
9,200,200,201.2,4,3600,27.4,28.77,30.14,142.46,14.78
9,225,225,226.4,4.5,4050,30.8,32.34,33.88,160.32,18.69
9,250,250,251.5,5,4500,34.2,35.91,37.62,178.18,23.07
9,280,280,281.7,9.8,5040,38.3,40.22,42.13,199.57,28.93
9,315,315,316.9,11.1,5670,43.1,45.26,47.41,224.49,36.62
9,355,355,357.2,12.5,6390,48.5,50.93,53.35,253.15,46.46
9,400,400,402.4,14,7200,54.7,57.44,60.17,285.13,59.03
9,450,450,452.7,15.6,8100,61.5,64.58,67.65,320.85,74.67
